trade_id,traded_at,instrument,side,quantity,price,gross_amount,state
T-1001,2025-07-01T09:15:00Z,BTC-USD,BUY,0.5,62000.0,31000.0,SETTLED
T-1002,2025-07-02T10:00:00Z,ETH-USD,BUY,10.0,3400.0,34000.0,SETTLED
T-1003,2025-07-03T11:00:00Z,SOL-USD,SELL,300.0,146.0,43800.0,SETTLED
T-1004,2025-07-04T09:00:00Z,BTC-USD,BUY,0.2,63200.0,12640.0,SETTLED
T-1005,2025-07-05T12:00:00Z,ETH-USD,SELL,5.0,3500.0,17500.0,SETTLED
T-1006,2025-07-06T13:00:00Z,SOL-USD,BUY,100.0,149.0,14900.0,CANCELLED
T-1007,2025-07-07T14:00:00Z,BTC-USD,SELL,0.1,64000.0,6400.0,SETTLED
T-1008,2025-07-08T15:00:00Z,ETH-USD,BUY,2.0,3600.0,7200.0,SETTLED
T-1009,2025-07-06T13:05:00Z,BTC-USD,BUY,0.14,63100.0,8834.0,SETTLED
